Reference, Quantity, Value, Footprint, Datasheet, Part#
C501 ,1,"10u","Capacitor_SMD:C_2220_5650Metric","~","FS55X106K101EHG"
C505 C1107 C1106 ,3,"1u","Capacitor_SMD:C_0603_1608Metric","~","CL10B105KANC"
C506 C502 C503 C507 C610 C609 C608 C601 C611 C612 C605 C602 C604 C710 C701 C708 C707 C709 C711 C712 C810 C808 C807 C806 C910 C908 C907 C906 C1010 C1008 C1007 C1006 C1105 C1101 C1102 C1103 C1104 ,37,"100n","Capacitor_SMD:C_0603_1608Metric","","CL10B104KBNC"
C508 C510 C504 C512 C511 ,5,"22u","Capacitor_SMD:C_1210_3225Metric","","CL32B226MOJNNNE"
C509 ,1,"2n2","Capacitor_SMD:C_0603_1608Metric","","GRM1885C1H222JA01D"
C607 C606 C603 ,3,"10u","Capacitor_SMD:C_1210_3225Metric","~","CL32B106KLJNNNE"
C702 C704 C703 C804 C802 C801 C904 C902 C901 C1004 C1002 C1001 ,12,"1n","Capacitor_SMD:C_0603_1608Metric","~","VJ0603Y102JXACW1BC"
C706 C705 C803 C805 C903 C905 C1003 C1005 ,8,"100p","Capacitor_SMD:C_0603_1608Metric","~","0603B101K500CT"
C809 C909 C1009 ,3,"10n","Capacitor_SMD:C_0603_1608Metric","~"
D1101 ,1,"RUN","LED_SMD:LED_0603_1608Metric","","598-8070-107F"
D1102 ,1,"ERROR","LED_SMD:LED_0603_1608Metric","","598-8070-107F"
D1103 ,1,"FW","LED_SMD:LED_0603_1608Metric","","598-8070-107F"
D1104 ,1,"PWM","LED_SMD:LED_0603_1608Metric","","598-8070-107F"
D501 D505 ,2,"SS110R3G","Diode_SMD:D_SMA","","SS110R3G"
D502 D506 ,2,"PMLL4153","Diode_SMD:D_MiniMELF","~","PMLL4153,115"
D503 ,1,"3V3","LED_SMD:LED_0603_1608Metric","","598-8070-107F"
D504 ,1,"12V","LED_SMD:LED_0603_1608Metric","","598-8070-107F"
FB501 FB502 ,2,"Ferrite_Bead_Small","Resistor_SMD:R_0603_1608Metric","~","ACML-0603-2000"
H101 ,1,"GND","MountingHole:MountingHole_3.2mm_M3_Pad_Via","~"
H102 H103 ,2,"GND","MountingHole:MountingHole_3.2mm_M3_ISO14580_Pad","~"
J101 ,1,"PWM","Connector_PinHeader_2.54mm:PinHeader_2x05_P2.54mm_Vertical_SMD","~","C124391"
J102 ,1,"ADC","Connector_PinHeader_2.54mm:PinHeader_2x05_P2.54mm_Vertical_SMD","~","C124391"
J1101 ,1,"HALL","Connector_JST:JST_PH_S5B-PH-K_1x05_P2.00mm_Horizontal","~","C157923"
J1102 ,1,"PWM_EN","Connector_JST:JST_PH_S2B-PH-K_1x02_P2.00mm_Horizontal","~","C157929"
J1103 ,1,"CAN_IN","Connector_JST:JST_PH_S4B-PH-K_1x04_P2.00mm_Horizontal","~","C157926"
J1104 ,1,"CAN_Out","Connector_JST:JST_PH_S4B-PH-K_1x04_P2.00mm_Horizontal","~","C157926"
J501 ,1,"Enable","Connector_JST:JST_PH_S3B-PH-K_1x03_P2.00mm_Horizontal","~","C157929"
J601 ,1,"AIN","Connector_JST:JST_PH_S4B-PH-K_1x04_P2.00mm_Horizontal","~","C157926"
J602 ,1,"USB_B_Mini","Connector_USB:USB_Mini-B_Lumberg_2486_01_Horizontal","~","C69074"
J701 ,1,"MOT_TEMP","Connector_JST:JST_PH_S2B-PH-K_1x02_P2.00mm_Horizontal","~","C157929"
JP1101 ,1,"WP","Jumper:SolderJumper-2_P1.3mm_Open_RoundedPad1.0x1.5mm","~"
JP601 ,1,"BTLDR","Jumper:SolderJumper-2_P1.3mm_Open_RoundedPad1.0x1.5mm","~"
L501 ,1,"4u7","Inductor_SMD:L_1206_3216Metric","","MIP25204R7MBE"
L502 ,1,"330u","Inductor_SMD:L_Taiyo-Yuden_NR-80xx_HandSoldering","","SMNR8040-331MT"
P1101 ,1,"SWD","Connector_PinHeader_1.27mm:PinHeader_2x05_P1.27mm_Vertical",""
R501 ,1,"220k","Resistor_SMD:R_0603_1608Metric","","CR0603JA0224G"
R502 ,1,"100k","Resistor_SMD:R_0603_1608Metric","","CR0603-JW-104ELF"
R503 R505 R601 R605 R602 R603 R708 R712 R713 R706 R710 R711 R808 R809 R806 R807 R804 R908 R909 R906 R907 R904 R1008 R1009 R1006 R1007 R1004 R1112 R1113 R1115 R1101 R1105 ,32,"11k","Resistor_SMD:R_0603_1608Metric","","MCR03ERTJ113"
R504 ,1,"34k","Resistor_SMD:R_0603_1608Metric","","ERJ-PA3F3402V"
R506 ,1,"2k7","Resistor_SMD:R_0603_1608Metric","","RS-03K272JT"
R507 R1104 R1103 R1102 R1106 R1107 R1110 R1111 ,8,"510R","Resistor_SMD:R_0603_1608Metric","","MCR03ERTJ511"
R512 R511 R510 R509 R508 R1114 R1108 R1109 ,8,"11R","Resistor_SMD:R_0603_1608Metric","","MCR03ERTJ11R"
R513 ,1,"910R","Resistor_SMD:R_0603_1608Metric","","MCR03ERTJ911"
R604 R705 R709 R704 R707 R803 R801 R903 R901 R1003 R1001 ,11,"4k7","Resistor_SMD:R_0603_1608Metric","~","0603WAJ0472T5E"
R609 R610 R611 R606 R607 R608 ,6,"1R1","Resistor_SMD:R_0603_1608Metric","~","MCR03ERTJ1R1"
R702 ,1,"560R 0.1%","Resistor_SMD:R_0603_1608Metric","~","AR03BTDX5600"
R703 R701 R716 ,3,"10k 0.1%","Resistor_SMD:R_0603_1608Metric","~","ARG03BTC1002"
R715 R714 R811 R810 R911 R910 R1011 R1010 ,8,"21R","Resistor_SMD:R_0603_1608Metric","~"
R802 R902 R1002 ,3,"47k","Resistor_SMD:R_0603_1608Metric","~"
R805 R905 R1005 ,3,"1M","Resistor_SMD:R_0603_1608Metric","~"
U1101 ,1,"TCAN334","Package_TO_SOT_SMD:SOT-23-8","http://www.ti.com/lit/ds/symlink/tcan337.pdf","TCAN334DCNR"
U1102 ,1,"24LC04","Package_SO:SO-8_3.9x4.9mm_P1.27mm","http://ww1.microchip.com/downloads/en/DeviceDoc/21708K.pdf","AT34C04-SS5M-B"
U1103 ,1,"AP2204K-5.0","Package_TO_SOT_SMD:SOT-23-5","https://www.diodes.com/assets/Datasheets/AP2204.pdf"
U501 ,1,"LMR12010Y","Package_TO_SOT_SMD:SOT-23-6","http://www.ti.com/lit/ds/symlink/lmr12010.pdf","LMR12010YMK/NOPB"
U502 ,1,"LM5008","Package_SO:MSOP-8_3x3mm_P0.65mm","","LM5008MMX/NOPB"
U601 ,1,"STM32F730R8Tx","Package_QFP:LQFP-64_10x10mm_P0.5mm","http://www.st.com/st-web-ui/static/active/en/resource/technical/document/datasheet/DM00330506.pdf","511-STM32F730R8T6"
U701 U801 U901 U1001 ,4,"GS8632-MR","Package_SO:MSOP-8_3x3mm_P0.65mm","","GS8632-MR"
X601 ,1,"SM44T","Oscillator:Oscillator_SMD_Abracon_ASE-4Pin_3.2x2.5mm","${KIPRJMOD}/datasheets/sm44t203.3v.pdf","SM4444TEV-20.0M"